Acurácia,Especificidade,Sensibilidade
0.9186991869918699,0.9029126213592233,1.0
1.0,1.0,1.0
1.0,1.0,1.0
1.0,1.0,1.0
1.0,1.0,1.0
